MCC,BILLING_STATE,CITY,Total2021,Total2020,Total2019,Total2018,CNT2021,CNT2020,CNT2019,CNT2018
5812,FL,OCOEE,6613361.95,5558585.74,3118958.80,3118958.80,339139,285342,138907,60697.0
5812,OH,PAYNE,276555.42,222302.54,239440.82,239440.82,11837,10812,12561,10633.0
5812,FL,DUNEDIN,19674392.44,17821307.91,15895458.19,15895458.19,522157,547679,456881,130401.0
5812,FL,EASTPOINT,1615523.19,2661534.86,3146298.70,3146298.70,47766,76112,90597,70710.0
5812,FL,HAWTHORNE,451064.62,1051207.85,920830.24,920830.24,17845,48895,44950,37757.0
5812,FL,WHITE SPRINGS,121187.81,174444.37,,,6478,5556,,
5812,OH,BURTON,65912.11,266477.10,363767.40,363767.40,1276,5115,7608,7481.0
5812,OH,MASSILLON,5226791.87,4568308.80,4299480.24,4299480.24,194831,175265,177704,144251.0
5812,OH,MAYNARD,80817.00,,,,3107,,,
5812,FL,SAFETY HARBOR,5651532.64,4718960.86,6648906.61,6648906.61,122143,122648,178619,131704.0
5812,OH,WEST UNITY,59288.42,51706.21,48873.62,48873.62,3058,2950,2648,2282.0
5812,OH,HAMILTON,17946691.83,16596784.94,14123954.46,14123954.46,764577,737812,616423,574261.0
5812,OH,WAYNESVILLE,399250.63,432233.96,168473.41,168473.41,15197,18364,7203,
5812,FL,CORAL SPRINGS,16073793.97,13505880.66,17565643.17,17565643.17,431203,393120,521655,463418.0
5812,OH,OTTOVILLE,665709.34,569125.75,523508.06,523508.06,21455,19857,19620,17045.0
5812,OH,DELAWARE,4635520.01,4838980.95,4277263.93,4277263.93,167130,177009,165242,157425.0
5812,FL,LEESBURG,6877242.55,5859257.57,4897783.67,4897783.67,232266,219066,182114,120117.0
5812,OH,HOLLAND,1376390.57,1088579.60,1203573.23,1203573.23,50769,44470,51855,51054.0
5812,FL,UMATILLA,1052878.74,921560.83,895568.42,895568.42,45774,42541,43149,38760.0
5812,OH,AVON,6810106.22,6160549.90,6429115.13,6429115.13,173397,174195,167346,175108.0
5812,OH,MORROW,329858.74,235606.15,137623.43,137623.43,9162,7040,4498,3318.0
5812,OH,SAINT PARIS,280301.40,,,,18224,,,
5812,OH,SYLVANIA,3673851.08,2303685.04,1400757.19,1400757.19,157668,355845,57647,52324.0
5812,OH,BLOOMINGDALE,284084.74,390918.28,384786.65,384786.65,6019,8504,9046,
5812,FL,WEBSTER,44251.93,52998.43,,,2191,2416,,
5812,OH,CHILLICOTHE,6790288.32,4629042.39,5315079.61,5315079.61,229626,169270,201881,160353.0
5812,OH,LEWIS CENTER,5414819.85,5017030.54,4608354.21,4608354.21,164335,158219,158439,97986.0
5812,OH,MASON,14091175.47,9447447.07,9226659.81,9226659.81,495423,368407,357170,244537.0
5812,FL,PUNTA GORDA,30850128.99,24786862.37,24322897.84,24322897.84,557153,478219,493267,215574.0
5812,OH,SPRINGBORO,2884939.78,2296770.30,1192051.36,1192051.36,120368,98240,59658,20389.0
5812,FL,WINTER GARDEN,19801589.95,16180688.46,17994598.28,17994598.28,437348,393154,469854,115968.0
5812,FL,HOLIDAY,1230798.77,1004020.37,1261946.08,1261946.08,37436,31672,44431,25489.0
5812,OH,KILLBUCK,777984.08,706306.98,,,30565,26848,,
5812,OH,FREMONT,3619497.33,1786815.30,1132915.95,1132915.95,104771,59806,39507,47080.0
5812,OH,MAUMEE,5815415.42,3249824.69,3352313.12,3352313.12,251970,139449,148084,109661.0
5812,OH,REPUBLIC,380048.10,268100.26,293993.76,293993.76,10974,8193,9770,8042.0
5812,OH,NEW BREMEN,1003320.10,790187.11,1112283.43,1112283.43,17377,14629,21135,18364.0
5812,FL,ESTERO,4343285.43,3228077.59,3574556.77,3574556.77,144915,123031,138880,132978.0
5812,OH,POWELL,18924325.75,17976975.94,24003639.75,24003639.75,531696,522927,724740,596023.0
5812,FL,DEBARY,1446377.32,1428947.52,1574385.82,1574385.82,50482,54885,62377,50865.0
5812,FL,FORT MYERS,64354257.56,69134459.88,61402488.59,61402488.59,1613825,1870062,1692404,963573.0
5812,FL,PORT RICHEY,7985916.90,6132932.09,5437575.90,5437575.90,232454,175535,148850,62675.0
5812,OH,NORTHFIELD,4729217.34,3018690.02,5819788.06,5819788.06,191143,134246,236186,188911.0
5812,FL,ENGLEWOOD,12282557.54,8142749.36,8493620.31,8493620.31,274612,191329,192233,149856.0
5812,OH,LYONS,172920.01,113161.31,128114.25,128114.25,6607,4762,5278,4410.0
5812,OH,ARCHBOLD,2352484.09,1908791.25,2541384.35,2541384.35,86157,76372,104360,100405.0
5812,OH,HINCKLEY,570365.07,464754.68,678278.47,678278.47,12473,11239,16568,14030.0
5812,FL,OVIEDO,9309007.66,8582471.03,8163563.85,8163563.85,360503,332236,317719,203621.0
5812,OH,SWANTON,707279.19,683330.18,835651.91,835651.91,27098,31910,43150,30690.0
5812,FL,PINELLAS PARK,5428188.26,4021190.29,4451767.36,4451767.36,183479,141302,160126,158255.0
5812,OH,MONTPELIER,2302021.87,2361264.57,1331757.21,1331757.21,84102,89882,57766,19722.0
5812,OH,WESTERVILLE,13685130.15,12838999.57,10878779.02,10878779.02,532538,521320,470965,276294.0
5812,OH,YOUNGSTOWN,14552114.94,9418749.17,9858482.11,9858482.11,499634,331622,314545,278636.0
5812,OH,WEST UNION,2019148.81,1697214.60,1806787.64,1806787.64,90049,85163,88743,80615.0
5812,OH,CABLE,62588.13,191601.87,8935935.30,8935935.30,2648,9939,9379,9806.0
5812,FL,PONTE VEDRA,2440095.38,1890175.12,1749638.32,1749638.32,97571,80456,80054,76229.0
5812,FL,LAND O LAKES,6596471.20,6301786.85,4854848.88,4854848.88,203390,195959,139517,50506.0
5812,FL,MILTON,4890051.34,4917776.88,4195397.44,4195397.44,145225,143713,143897,105113.0
5812,FL,NEWBERRY,1283511.25,603816.25,,,43988,21912,,
5812,OH,VERMILION,1634060.89,1827667.21,2153824.66,2153824.66,38676,47343,57961,27319.0
5812,OH,DOVER,335347.68,230508.48,293039.86,293039.86,10833,7721,11473,11370.0
5812,FL,ASTATULA,1002248.00,841915.34,145628.03,145628.03,50729,45287,7834,
5812,FL,MELBOURNE,25677081.66,17836975.35,20641691.66,20641691.66,780534,572192,673038,563719.0
5812,OH,MIDDLETOWN,9968035.95,8068711.98,7880749.30,7880749.30,325069,294310,295574,219353.0
5812,FL,CLERMONT,13300640.45,8838946.08,7885653.88,7885653.88,397517,262644,253874,223812.0
5812,FL,ODESSA,1930241.66,684029.70,618598.04,618598.04,69689,36422,35532,20175.0
5812,OH,VALLEY CITY,1201428.60,1699530.47,1367034.89,1367034.89,34157,49444,37566,31926.0
5812,FL,FELLSMERE,230096.86,174881.17,131016.76,131016.76,7508,6368,5588,
5812,FL,PALM BAY,7569220.58,5733287.85,7173945.85,7173945.85,254547,206060,261763,243332.0
5812,OH,POMEROY,1760679.43,1494426.92,1142205.49,1142205.49,61773,56873,45242,
5812,FL,WEIRSDALE,4531127.38,3874488.01,4275212.57,4275212.57,85661,85764,105437,16419.0
5812,FL,ORMOND BEACH,18901757.88,16486236.66,18508848.17,18508848.17,516387,470349,547230,411521.0
5812,OH,ALBANY,161965.52,145775.66,,,6062,5794,,
5812,OH,OLMSTED FALLS,1834444.50,1329240.77,843316.94,843316.94,48393,35259,25299,4953.0
5812,OH,CHAGRIN FALLS,4883832.74,3090936.05,2951223.33,2951223.33,123399,86404,87728,20521.0
5812,OH,GREENVILLE,2031606.39,1739038.65,1652961.57,1652961.57,60977,53006,49919,52722.0
5812,FL,FLAGLER BEACH,2723305.76,2392979.50,2358876.97,2358876.97,61163,56683,61124,53121.0
5812,FL,JAY,604190.96,471636.70,442786.60,442786.60,13610,11375,11229,8182.0
5812,OH,BLANCHESTER,630052.67,477975.72,363801.54,363801.54,23141,17121,14778,16787.0
5812,OH,WAKEMAN,387880.27,929737.31,315055.93,315055.93,12968,14847,12169,12062.0
5812,FL,MIAMI,347773925.34,184524493.54,206624488.49,206624488.49,7081911,4504294,5991868,4489740.0
5812,FL,THONOTOSASSA,1341222.67,1342534.43,1070837.21,1070837.21,51083,56230,50163,47474.0
5812,FL,CHIPLEY,1180399.73,1006285.25,814051.93,814051.93,46550,44128,39508,36694.0
5812,OH,ATHENS,4254662.39,3334407.67,5106478.62,5106478.62,199314,150132,258384,165085.0
5812,OH,BRUNSWICK,22678789.11,20901024.69,17847792.14,17847792.14,797004,788315,623731,489609.0
5812,FL,STUART,26669229.54,19798255.84,21700966.96,21700966.96,624642,512962,616140,575179.0
5812,FL,WILDWOOD,1710100.61,1108658.99,521563.03,521563.03,69091,45284,20084,
5812,OH,GALION,2249658.58,1658255.67,1424544.69,1424544.69,96490,73606,73584,65866.0
5812,FL,PALMETTO,4854391.57,4330321.20,3299557.96,3299557.96,170937,165354,135724,41102.0
5812,OH,WAPAKONETA,732932.17,491373.67,345488.00,345488.00,27518,20247,14650,
5812,OH,ROOTSTOWN,557648.74,496982.45,440906.98,440906.98,17805,16822,16550,8163.0
5812,OH,WELLSTON,481738.44,1638589.18,534304.74,534304.74,19412,27370,24941,21475.0
5812,OH,JACKSON,3910869.71,3807970.66,4271443.78,4271443.78,121686,113486,131304,122855.0
5812,FL,SAN MATEO,240620.95,335294.74,423279.34,423279.34,18963,30641,47055,29189.0
5812,FL,PORT ORANGE,11433082.71,8012621.64,7110448.08,7110448.08,322751,248589,231563,171720.0
5812,OH,ASHVILLE,180714.31,95307.32,86046.68,86046.68,8002,4509,3434,
5812,FL,APALACHICOLA,2956091.14,2567134.27,3265607.82,3265607.82,66692,56737,69220,30720.0
5812,OH,NEWARK,4680784.12,3810422.35,2886945.31,2886945.31,199598,182923,160049,47358.0
5812,OH,EASTLAKE,2062527.46,1699520.14,2125969.63,2125969.63,69662,61486,81786,65670.0
5812,FL,OLDSMAR,4470616.07,2478326.42,3321327.03,3321327.03,154857,95443,148218,135020.0
5812,FL,CASSELBERRY,8873133.52,7174066.43,5889399.32,5889399.32,159845,140317,115292,29901.0
5812,FL,HOLLISTER,,,51620.80,51620.80,,,1638,1291.0
5812,OH,NORTH CANTON,5652983.56,4060924.05,4804178.29,4804178.29,193586,153071,175666,125998.0
5812,FL,SATSUMA,460015.28,898522.24,791505.36,791505.36,19156,18875,23330,22627.0
5812,OH,MINERAL RIDGE,260345.14,189316.56,31082.22,31082.22,9412,7460,1345,
5812,OH,MOGADORE,994814.28,397345.26,304740.12,304740.12,16787,16371,13861,14511.0
5812,OH,GALENA,923848.71,801230.70,572610.94,572610.94,36148,32129,21984,
5812,OH,BROOKPARK,1322938.82,1111620.20,1231903.10,1231903.10,48386,42932,46746,34030.0
5812,OH,BALTIMORE,476041.74,384683.56,352032.88,352032.88,29206,23634,20517,
5812,OH,CANTON,27556512.44,24015934.38,27152708.83,27152708.83,930351,851708,1002685,660077.0
5812,FL,WINTER HAVEN,13640669.81,12762046.90,10872160.47,10872160.47,458076,432956,422794,341009.0
5812,FL,COCOA,1798620.04,1357765.52,1392914.62,1392914.62,61574,51279,52677,
5812,OH,COSHOCTON,1723930.94,1199112.45,1074589.67,1074589.67,62437,46399,44575,33746.0
5812,OH,MACEDONIA,1078049.99,1315712.82,1560714.68,1560714.68,47836,53197,64923,61701.0
5812,OH,SEAMAN,463434.68,372904.62,433155.70,433155.70,21762,18738,21884,19948.0
5812,OH,GIBSONBURG,154163.68,283287.33,360873.37,360873.37,5084,5824,7934,8664.0
5812,OH,COVINGTON,337411.90,389268.31,358275.16,358275.16,24848,25901,25827,22749.0
5812,OH,MILFORD,10884957.08,9265211.27,7623428.57,7623428.57,505721,472784,373678,330177.0
5812,OH,ASHLAND,3064158.57,3230743.09,2975021.55,2975021.55,101841,116978,113736,98254.0
5812,FL,ALACHUA,1482230.89,1231955.58,,,78277,68953,,
5812,OH,GRAND RAPIDS,425269.06,442548.21,586355.29,586355.29,12727,13255,18133,17388.0
5812,FL,KEY WEST,63360398.45,35024578.75,32371105.63,32371105.63,1288736,718832,761556,575870.0
5812,OH,ELYRIA,8060182.24,6791534.56,8267848.07,8267848.07,259235,234919,284989,162180.0
5812,FL,LONGWOOD,8543541.96,7954390.11,6003407.52,6003407.52,314693,299297,225262,103972.0
5812,FL,PENSACOLA,60822309.73,43737903.20,42447495.01,42447495.01,1926765,1380806,1460284,1034824.0
5812,OH,ADA,702148.92,534833.07,454214.06,454214.06,24635,19861,19635,11178.0
5812,FL,MADISON,1091195.25,1338448.51,1233236.55,1233236.55,46982,66910,68050,61962.0
5812,FL,MALABAR,507043.66,288585.97,341266.96,341266.96,16171,11346,12685,3598.0
5812,FL,BRANFORD,855081.10,903857.10,689297.03,689297.03,25609,33352,25975,40024.0
5812,FL,WEWAHITCHKA,611325.51,510245.44,418728.74,418728.74,24553,22904,20228,18211.0
5812,OH,MANTUA,639034.11,535791.33,511530.71,511530.71,21820,17760,18486,9984.0
5812,OH,BELLBROOK,790090.83,813738.86,715305.96,715305.96,47527,51116,46028,42492.0
5812,OH,RUTLAND,579156.38,468658.40,553838.53,553838.53,19154,16126,19670,17748.0
5812,FL,PALATKA,2687848.75,2512143.96,,,97674,98865,,
5812,OH,FAIRFIELD,9590910.44,14224345.28,16515493.94,16515493.94,501403,836959,980874,950585.0
5812,FL,JASPER,88316.15,,,,4002,,,
5812,FL,VALRICO,4843934.07,4013952.31,3626481.67,3626481.67,167995,150371,151663,86224.0
5812,OH,PROCTORVILLE,713733.69,606992.58,326585.83,326585.83,35929,32207,18086,10427.0
5812,OH,NORWALK,866284.52,555316.37,553800.12,553800.12,30320,19378,24323,21912.0
5812,FL,LYNN HAVEN,2231854.52,1564016.67,1089197.22,1089197.22,66782,46664,34302,
5812,FL,MORRISTON,398721.34,387662.44,305243.35,305243.35,10388,10676,8797,3824.0
5812,FL,NEPTUNE BEACH,1731484.56,708644.80,,,40693,19790,,
5812,OH,CASTALIA,159564.98,157505.64,95570.58,95570.58,4813,6069,4595,
5812,OH,BERLIN,130372.95,321003.53,333322.22,333322.22,5105,11287,13347,12427.0
5812,OH,BATAVIA,623233.98,,,,28480,,,
5812,OH,PROSPECT,503170.46,517459.43,430848.48,430848.48,21358,23303,20411,20072.0
5812,FL,ISLAMORADA,12548025.46,8558496.46,9415008.98,9415008.98,201167,147181,174075,132449.0
5812,OH,BLAKESLEE,363125.91,65131.70,,,5178,1029,,
5812,OH,CLEVES,2876449.81,2278590.16,1508531.22,1508531.22,66542,57899,32280,963.0
5812,OH,HOPEWELL,618093.95,502331.99,57903.07,57903.07,23276,19597,2406,
5812,OH,PAINESVILLE,5709463.93,7088604.93,7687003.25,7687003.25,152768,164517,205487,126574.0
5812,OH,CIRCLEVILLE,3108081.19,1757259.28,981420.31,981420.31,95616,58253,33907,8568.0
5812,OH,BEVERLY,1124562.92,924360.71,559706.15,559706.15,39143,33185,21363,8963.0
5812,FL,SEBASTIAN,7483641.41,6118373.76,6732207.14,6732207.14,207701,181999,214989,178035.0
5812,FL,GRAND ISLAND,901701.00,,332450.03,332450.03,15538,,6334,
5812,FL,CAPE CORAL,21313062.34,18290444.87,16881183.56,16881183.56,509139,489610,468666,365266.0
5812,OH,GRAFTON,894390.00,896598.20,862605.91,862605.91,37633,39201,39389,24041.0
5812,OH,MARTINS FERRY,1029866.30,403935.41,222319.91,222319.91,36457,16485,9666,4927.0
5812,FL,GROVELAND,553358.26,394258.68,330949.43,330949.43,27072,21495,17303,16502.0
5812,OH,SOUTHINGTON,134704.38,121240.80,126891.12,126891.12,7562,7633,7922,5530.0
5812,OH,STREETSBORO,2543290.72,1595906.01,964525.57,964525.57,84374,56633,33043,
5812,OH,LEBANON,5358359.89,4220249.87,3708078.07,3708078.07,267364,215917,174337,170934.0
5812,OH,AURORA,1861823.47,1334416.55,1729802.85,1729802.85,43041,33493,47617,43467.0
5812,OH,HOLMESVILLE,246239.80,277743.53,260081.80,260081.80,7207,8492,9394,6011.0
5812,OH,CAMBRIDGE,4281359.72,2794104.22,3080025.61,3080025.61,157971,109980,121963,101718.0
5812,FL,CRAWFORDVILLE,1920942.40,1418634.86,1460125.68,1460125.68,61353,49197,53605,
5812,OH,FAYETTEVILLE,220860.84,238163.76,231981.57,231981.57,8918,9704,9755,3148.0
5812,OH,DEFIANCE,4715843.38,3930827.32,4266973.58,4266973.58,191392,177490,185555,163694.0
5812,OH,CALDWELL,2082591.62,1386930.69,1475660.37,1475660.37,63484,46532,52061,51231.0
5812,OH,LANCASTER,9944464.92,7675335.72,2266348.75,2266348.75,325964,271110,87967,70973.0
5812,OH,LAGRANGE,376719.05,726421.43,295370.63,295370.63,11717,25020,11456,9990.0
5812,OH,SOLON,2743013.29,1874686.64,2575341.27,2575341.27,64161,50690,96275,60424.0
5812,FL,TAMPA,257038068.07,174546772.69,171346285.72,171346285.72,8361624,6097066,6133818,3774102.0
5812,OH,COOLVILLE,356420.47,342103.59,299434.41,299434.41,12161,12171,12174,14388.0
5812,OH,SANDUSKY,16012981.29,9123510.17,10760235.98,10760235.98,424637,257232,314570,463212.0
5812,OH,PERRYSBURG,24663732.80,40835777.08,46832391.67,46832391.67,843651,1415825,1688184,575147.0
5812,FL,APOPKA,7508287.80,6007548.33,5038703.12,5038703.12,242211,200294,184984,109349.0
5812,OH,SPRINGFIELD,4217647.81,3725540.01,3906680.33,3906680.33,150158,136509,152559,99549.0
5812,OH,WICKLIFFE,1513382.71,1129901.37,1406727.74,1406727.74,58319,48044,75077,49713.0
5812,FL,STEINHATCHEE,4002863.30,3103952.36,3488908.06,3488908.06,81903,67195,76091,35204.0
5812,FL,SPRING HILL,12706984.07,8560061.00,8071543.36,8071543.36,407604,274351,270177,208894.0
5812,OH,FREDERICKTOWN,776315.38,500940.29,301906.17,301906.17,34367,21261,9796,7011.0
5812,OH,WARREN,20083371.04,19463146.88,25099609.94,25099609.94,877711,882674,1355356,1097591.0
5812,OH,PUT IN BAY,16071666.82,9784187.17,11066929.35,11066929.35,430145,268945,339506,51387.0
5812,OH,HURON,6057742.15,4494677.94,1737002.86,1737002.86,130873,110463,39719,9610.0
5812,OH,SMITHVILLE,255151.53,230556.73,236875.56,236875.56,13155,12058,13286,13324.0
5812,FL,MAITLAND,106309095.88,100851718.42,103418461.62,103418461.62,4701805,4834935,5674241,5601380.0
5812,OH,UNIONTOWN,1476564.68,1439158.42,1315647.82,1315647.82,61742,52657,45644,31959.0
5812,FL,ARCADIA,709984.04,574306.72,577477.50,577477.50,20954,18737,20979,18652.0
5812,OH,WAVERLY,1299614.59,1122806.49,899319.57,899319.57,52894,49356,43567,36318.0
5812,OH,BELLEFONTAINE,3042261.48,2575522.14,2233456.58,2233456.58,133710,97551,91551,68373.0
5812,OH,BRYAN,2475819.07,2607593.14,2845023.86,2845023.86,94603,98324,109400,97347.0
5812,OH,ALLIANCE,1471980.51,1557831.45,1588070.29,1588070.29,55038,63043,67894,25919.0
5812,FL,GRANT,1471593.86,1110114.13,1351191.39,1351191.39,30771,25303,30796,8189.0
5812,FL,KEY LARGO,4360935.11,3068731.74,2867246.81,2867246.81,89883,71881,70291,60873.0
5812,FL,INLET BEACH,9407250.94,2185159.03,1322726.88,1322726.88,132194,33455,23524,
5812,OH,MOUNT ORAB,3721822.66,3402028.50,2963239.67,2963239.67,155855,154037,120361,122751.0
5812,OH,PICKERINGTON,5696625.75,5447026.67,3393573.33,3393573.33,200598,210263,143722,111212.0
5812,FL,HIALEAH,20582371.34,12870637.36,14919004.78,14919004.78,467412,363153,442084,411020.0
5812,OH,RIPLEY,551882.56,449985.54,,,23195,18690,,
5812,FL,TRENTON,986534.31,,,,34863,,,
5812,OH,WOODSFIELD,610823.42,421779.04,527728.51,527728.51,16681,12506,16853,16466.0
5812,FL,JENSEN BEACH,7933210.25,6684965.17,7654833.59,7654833.59,183593,172061,212435,189265.0
5812,OH,AKRON,19816910.03,19242141.54,25186511.58,25186511.58,726505,706984,768803,481330.0
5812,FL,FREEPORT,1130623.99,871913.56,528546.31,528546.31,43818,36223,23006,11143.0
5812,FL,ORANGE PARK,4736085.53,4326821.69,4491111.53,4491111.53,141848,138530,153550,142306.0
5812,FL,CITRA,111134.30,101114.09,89692.67,89692.67,4952,4805,4640,
5812,FL,OKEECHOBEE,8048079.74,6894223.82,8520569.71,8520569.71,236631,214314,282658,170759.0
5812,FL,VENICE,12895347.38,10156829.66,10116737.51,10116737.51,400756,337027,317426,197109.0
5812,FL,MULBERRY,526851.88,405648.75,431872.16,431872.16,26064,21821,28405,11092.0
5812,OH,HARRISON,7320893.73,5702546.20,4668578.60,4668578.60,317674,260071,211775,194856.0
5812,OH,FRANKLIN,536292.68,405048.47,441875.01,441875.01,21780,17056,19894,17591.0
5812,FL,POMPANO BEACH,37873322.84,25578773.98,23648214.16,23648214.16,1117418,810414,780853,643103.0
5812,FL,INDIALANTIC,1474757.99,5690736.56,5953677.76,5953677.76,36367,103184,103042,29693.0
5812,OH,GREEN CAMP,102817.83,113234.43,52273.89,52273.89,3287,3810,2035,1217.0
5812,FL,MELROSE,2158041.09,1767862.64,1478205.48,1478205.48,46099,40843,31214,
5812,FL,PAHOKEE,361244.92,450794.08,124011.10,124011.10,26336,35940,10573,
5812,OH,UTICA,896634.08,851600.67,936052.99,936052.99,29751,29167,32366,30117.0
5812,OH,BRADFORD,111700.71,80271.96,121168.68,121168.68,5883,4409,4344,3088.0
5812,OH,NEW CONCORD,1059794.94,645398.46,365690.89,365690.89,43869,28062,18244,14827.0
5812,OH,BUCKEYE LAKE,142479.81,115351.35,101580.36,101580.36,8726,7637,7074,
5812,OH,WAUSEON,3013397.74,2286439.08,2114002.31,2114002.31,98574,79567,80616,56042.0
5812,OH,WEST MILTON,107734.06,107953.51,93277.48,93277.48,4692,4935,4289,4093.0
5812,FL,MIRAMAR BEACH,18284116.31,13989575.54,15289460.13,15289460.13,440750,345826,389767,244362.0
5812,FL,EAST PALATKA,6376735.68,5282355.34,5519688.71,5519688.71,150179,129533,143058,137839.0
5812,OH,BAY VILLAGE,754237.45,665958.65,168461.17,168461.17,34114,31204,8778,7857.0
5812,OH,ATWATER,613796.59,487360.28,461789.65,461789.65,20174,16527,17624,17613.0
5812,OH,HEATH,3375341.65,2394601.97,2646599.28,2646599.28,104411,80892,93304,52775.0
5812,OH,SEVILLE,863855.20,918789.97,869519.15,869519.15,26700,30160,30413,28246.0
5812,OH,BREMEN,731743.61,141728.10,390605.32,390605.32,23807,5677,12988,14162.0
5812,OH,PORTSMOUTH,5760422.16,4397740.80,4034286.13,4034286.13,214682,178923,164203,114287.0
5812,FL,SORRENTO,214580.79,209266.28,273263.14,273263.14,9076,9692,11377,11475.0
5812,OH,WILLSHIRE,212158.88,,,,10272,,,
5812,FL,INGLIS,528280.62,776040.71,726464.21,726464.21,21289,32666,32535,35807.0
5812,FL,LEHIGH ACRES,1711174.02,1196035.26,1166056.94,1166056.94,59902,46244,48190,32419.0
5812,OH,GROVE CITY,10675852.96,9139308.97,7661077.81,7661077.81,320249,267193,242433,224892.0
5812,FL,MIAMI GARDENS,5297172.87,2475834.77,2988036.52,2988036.52,118238,79981,93934,
5812,OH,REYNOLDSBURG,3327683.75,3827734.43,4337471.29,4337471.29,120301,140421,164113,182662.0
5812,OH,SOUTH POINT,1460172.70,800973.07,,,57832,32318,,
5812,FL,LAKE WORTH,19943542.93,19834549.71,22543374.57,22543374.57,557468,563631,647464,531905.0
5812,OH,SOMERSET,216136.30,100538.56,69682.15,69682.15,8096,4523,2984,
5812,FL,HAINES CITY,2241774.34,2000081.63,1943084.48,1943084.48,87439,83781,83844,65060.0
5812,OH,HANOVERTON,1053000.60,737687.54,927255.08,927255.08,8887,6774,8763,1658.0
5812,OH,THORNVILLE,1302070.03,1473266.95,1274470.04,1274470.04,45007,53098,47906,39011.0
5812,OH,TOLEDO,74390702.64,63069199.10,51346625.14,51346625.14,2977406,2704082,2316134,1832030.0
5812,FL,DESTIN,59682420.81,47716487.00,36710921.92,36710921.92,1244743,1075216,793744,660318.0
5812,OH,MOUNT VERNON,2749557.39,1587166.40,1728124.28,1728124.28,74297,49849,26013,5798.0
5812,OH,HUDSON,1753881.70,752840.06,,,73102,22265,,
5812,OH,DUBLIN,17379284.33,15067104.39,13774455.91,13774455.91,519687,491630,480010,326370.0
5812,FL,ROCKLEDGE,3523481.02,2586699.34,2842153.82,2842153.82,122728,95864,108376,108909.0
5812,FL,CLEARWATER BEACH,,,,,,,,
5812,FL,FORT LAUDERDALE,,,,,,,,
5812,OH,EAST PALESTINE,,,,,,,,
5812,OH,MINGO JUNCTION,,,,,,,,
5812,FL,CAPE CANAVERAL,,,,,,,,
5812,FL,SUMMERLAND KEY,,,,,,,,
5812,FL,MERRITT ISLAND,,,,,,,,
5812,FL,SAINT PETERSBURG,,,,,,,,
5812,FL,INDIAN LAKE ESTATES,,,,,,,,
5812,OH,MOUNT KISCO,,,,,,,,
5812,OH,NEW PHILADELPHIA,,,,,,,,
5812,FL,INDIAN ROCKS BEACH,,,,,,,,
5812,OH,WATERFORD,927780.99,1039539.19,1104275.30,1104275.30,32581,38169,41620,13762.0
5812,OH,BERKEY,325987.51,,,,25095,,,
5812,FL,ORANGE CITY,6076867.17,5212153.36,4853977.74,4853977.74,242942,226617,231960,210458.0
5812,FL,BROOKSVILLE,8757893.54,6876178.22,5805671.84,5805671.84,325943,224515,199458,156461.0
5812,FL,NAVARRE,10807574.55,7169577.94,7128000.19,7128000.19,318619,221952,212807,92121.0
5812,OH,MIDDLEFIELD,1429395.54,1254094.72,1091360.67,1091360.67,50542,45367,45611,26774.0
5812,FL,HALLANDALE,11820163.75,5952332.32,3857675.34,3857675.34,282201,165020,122078,65747.0
5812,OH,NEWBURY,2374401.50,2208314.02,2214063.49,2214063.49,63572,63071,67522,62801.0
5812,OH,KENSINGTON,126917.32,96881.93,96204.31,96204.31,5328,4196,3756,4952.0
5812,FL,HOMESTEAD,5241757.17,3651669.18,4597918.20,4597918.20,128759,107029,141687,119279.0
5812,FL,GRACEVILLE,552236.11,501939.91,375625.91,375625.91,23883,23667,19750,16778.0
5812,OH,STRUTHERS,1178761.64,815922.08,848201.39,848201.39,42087,30649,34349,31146.0
5812,OH,LITCHFIELD,784759.21,636253.44,463766.93,463766.93,30206,26322,20571,21607.0
5812,OH,ROSSFORD,563423.28,455741.32,316313.25,316313.25,20382,18602,11671,25176.0
5812,OH,MEDINA,11474505.50,9910437.33,8682013.72,8682013.72,329114,292916,268237,155259.0
5812,OH,COLUMBUS,105277413.81,73101073.43,95484070.56,95484070.56,3190492,2540382,3226209,1947536.0
5812,OH,CARROLLTON,731889.81,479748.96,121995.30,121995.30,27233,20590,4682,
5812,OH,BOLIVAR,681895.42,912572.40,820424.58,820424.58,22393,40240,40492,32793.0
5812,OH,TROY,3117280.25,2013818.09,2169831.28,2169831.28,95978,68420,76172,44317.0
5812,OH,MALVERN,903954.47,807909.85,616969.52,616969.52,27140,26331,21215,7623.0
5812,OH,DANVILLE,113811.30,177603.72,103610.94,103610.94,3782,5244,4073,3133.0
5812,OH,JACKSONTOWN,661762.53,641093.30,,,21524,21689,,
5812,OH,MINERAL CITY,499520.28,495701.92,488151.10,488151.10,9800,9989,9972,9119.0
5812,OH,WEST CHESTER,12476774.24,8325505.35,8157782.08,8157782.08,449303,361490,348097,327197.0
5812,OH,CAREY,486108.15,626856.24,546117.84,546117.84,18792,28142,24458,21741.0
5812,FL,NORTH MIAMI BEACH,,,,,,,,
5812,FL,PEMBROKE PINES,,,,,,,,
5812,OH,SAINT CLAIRSVILLE,,,,,,,,
5812,OH,SHEFFIELD LAKE,,,,,,,,
5812,FL,FORT WALTON BEACH,,,,,,,,
5812,OH,UPPER SANDUSKY,,,,,,,,
5812,FL,WEST PALM BEACH,,,,,,,,
5812,FL,KEY COLONY BEACH,,,,,,,,
5812,FL,SAINT JAMES CITY,,,,,,,,
5812,OH,CUYAHOGA FALLS,,,,,,,,
5812,FL,FORT MYERS BEACH,,,,,,,,
5812,OH,YELLOW SPRINGS,,,,,,,,
5812,FL,NEW PORT RICHEY,,,,,,,,
5812,FL,PORT SAINT JOE,,,,,,,,
5812,FL,PORT CHARLOTTE,,,,,,,,
5812,FL,ATLANTIC BEACH,,,,,,,,
5812,FL,DEERFIELD BEACH,,,,,,,,
5812,FL,PORT SAINT LUCIE,,,,,,,,
5812,OH,NORTH RIDGEVILLE,,,,,,,,
5812,OH,RUSSELLS POINT,,,,,,,,
5812,OH,PARIS,10426245.02,9109172.00,8701291.26,8701291.26,385937,363681,332026,24.0
5812,FL,GREEN COVE SPRINGS,,,,,,,,
5812,FL,MOUNT DORA,3282144.98,3244310.80,2216518.31,2216518.31,90538,93036,72607,67286.0
5812,FL,SARASOTA,67346968.79,47886073.85,45814982.43,45814982.43,1674591,1314614,1298047,674331.0
5812,OH,STEUBENVILLE,2708332.06,2158549.59,2264326.61,2264326.61,73491,52710,60544,56154.0
5812,FL,SAINT CLOUD,5560357.70,4674361.45,4404720.89,4404720.89,196657,167854,169004,53937.0
5812,FL,ARCHER,445879.16,169465.53,,,15716,6495,,
5812,FL,BRADENTON,549824197.88,283127393.01,27071568.92,27071568.92,15774601,8978704,991690,551350.0
5812,OH,WILLIAMSBURG,185606.80,98244.67,29523.68,29523.68,7662,3999,1353,
5812,OH,FINDLAY,9472318.29,8773747.41,9399959.07,9399959.07,294482,275551,313401,275260.0
5812,OH,BLUFFTON,451201.36,351978.98,285833.69,285833.69,14294,12649,10482,9453.0
5812,FL,DOVER,2282968.43,2042554.97,1428348.96,1428348.96,71137,68519,55232,25025.0
5812,FL,CRESTVIEW,13230446.04,8805270.59,2786161.11,2786161.11,408191,294973,99268,87951.0
5812,FL,PANAMA CITY,44261705.96,21076953.94,17940128.05,17940128.05,919077,480401,386000,300677.0
5812,FL,HIGH SPRINGS,806613.28,,,,23991,,,
5812,OH,MIAMIVILLE,152475.06,224225.75,96909.05,96909.05,6429,10017,5303,2553.0
5812,OH,MARYSVILLE,5332635.46,2936977.99,3213932.66,3213932.66,182932,108026,125406,74298.0
5812,OH,GLANDORF,119855.68,81949.34,80969.30,80969.30,4182,2970,3469,
5812,OH,MARION,2360168.17,1507687.79,1811539.47,1811539.47,81846,58300,68200,60682.0
5812,OH,LISBON,1017952.28,578916.20,917211.47,917211.47,28678,16714,25329,24743.0
5812,OH,NOVELTY,342838.50,334812.97,,,20575,20116,,
5812,OH,WAYNESBURG,113740.42,85171.50,88542.57,88542.57,5287,4117,4683,4806.0
5812,OH,LOVELAND,12395053.68,10129789.46,7934721.25,7934721.25,451424,411015,320026,208944.0
5812,OH,MARENGO,245055.93,338651.89,244484.46,244484.46,8451,12285,9468,9217.0
5812,OH,DESHLER,299281.44,219814.77,188090.69,188090.69,12305,9870,8650,7322.0
5812,OH,NORTH LIMA,2389488.68,1350366.11,1713238.19,1713238.19,43593,26122,34803,
5812,FL,QUINCY,1411978.02,1650160.18,1323799.76,1323799.76,69724,95350,81487,71195.0
5812,OH,BUCYRUS,11003736.21,10451362.79,7993033.84,7993033.84,607525,624009,403959,156186.0
5812,FL,LAKE CITY,9934460.49,7781131.74,8075671.34,8075671.34,309993,297492,296052,300596.0
5812,OH,GENOA,266078.14,262597.20,252890.20,252890.20,15279,17611,17708,17051.0
5812,OH,BEREA,1718904.31,1020173.80,884020.45,884020.45,63943,40189,36870,9841.0
5812,OH,GENEVA,2549631.11,2004277.71,2076559.36,2076559.36,63721,50901,58553,33015.0
5812,FL,DELRAY BEACH,19285769.73,16009809.85,16583751.85,16583751.85,705270,626993,679692,499200.0
5812,FL,AVON PARK,4484724.55,1285145.25,1295476.22,1295476.22,95814,49528,51166,30066.0
5812,FL,EAGLE LAKE,688507.22,552433.80,558576.64,558576.64,33769,28042,30229,27302.0
5812,OH,PLAIN CITY,671598.33,558717.69,691374.10,691374.10,20917,19491,25085,21215.0
5812,OH,ADDYSTON,351907.72,331393.19,267398.48,267398.48,13420,12780,9563,7916.0
5812,FL,RIVERVIEW,8829232.17,4884829.62,5158911.71,5158911.71,318453,164211,187342,116119.0
5812,OH,TALLMADGE,364439.23,300258.79,324968.74,324968.74,11204,11116,12256,13024.0
5812,FL,GAINESVILLE,43804321.03,34459835.46,36510817.16,36510817.16,1385714,1234543,1371194,812476.0
5812,OH,PORT CLINTON,2530702.47,5583551.14,4918385.42,4918385.42,69346,107198,105174,85742.0
5812,FL,KEY BISCAYNE,9987964.34,5699659.20,6340668.38,6340668.38,153072,106031,85170,28163.0
5812,FL,LAKE PLACID,2477697.62,1736001.04,2027038.45,2027038.45,62964,53074,69118,
5812,OH,PERRY,787254.01,617920.25,1009678.11,1009678.11,19330,16174,28093,2793.0
5812,FL,SEMINOLE,6825890.99,6719547.84,3384833.04,3384833.04,249972,258271,126353,59648.0
5812,FL,LECANTO,117300.12,131616.92,,,2409,2530,,
5812,OH,NAPOLEON,7251157.27,7028462.56,5596519.12,5596519.12,275216,274268,229488,207764.0
5812,FL,KISSIMMEE,37473536.90,21815497.55,25052525.34,25052525.34,1272325,712478,857397,582598.0
5812,OH,FOREST,134716.89,144892.45,140534.09,140534.09,4794,5700,6132,5924.0
5812,OH,WILLOUGHBY,13192455.45,12185593.58,12297787.00,12297787.00,462324,446648,487738,265668.0
5812,FL,DELTONA,3208263.35,3514129.20,2327007.88,2327007.88,145713,921922,109728,75210.0
5812,OH,AMHERST,4282316.49,2519857.68,1053152.04,1053152.04,129234,86124,46490,31373.0
5812,FL,BLOUNTSTOWN,2163307.56,1826675.42,1528135.23,1528135.23,87315,83300,74435,67883.0
5812,FL,NORTH PORT,2715021.48,1992537.24,2217650.53,2217650.53,105241,86064,66053,33526.0
5812,FL,LOXAHATCHEE,2268343.87,1902765.92,1524376.16,1524376.16,73888,66675,62631,33250.0
5812,FL,CHIEFLAND,4915446.29,5360399.05,3579169.70,3579169.70,190096,211090,153489,86728.0
5812,OH,NORTHWOOD,437803.13,516929.28,589997.35,589997.35,15007,19779,23710,23333.0
5812,OH,WOOSTER,2489824.64,1638851.73,767267.56,767267.56,86085,62028,26053,
5812,OH,OREGON,2300317.78,2215110.38,2197474.68,2197474.68,84203,92124,99064,77951.0
5812,OH,MONROE,3233052.70,1769114.15,,,94452,53756,,
5812,OH,RICHFIELD,515201.82,433667.61,411874.68,411874.68,18987,17107,16969,18861.0
5812,OH,CELINA,2573770.05,2197832.51,1838355.01,1838355.01,105275,80716,68287,54005.0
5812,OH,NEY,281239.04,218861.71,228668.79,228668.79,11237,9003,10651,9794.0
5812,FL,ELKTON,507178.51,443757.97,353818.22,353818.22,18158,17336,14485,
5812,FL,WELLINGTON,21771034.19,16475996.08,16984107.57,16984107.57,459621,392470,410831,253089.0
5812,OH,NORTH OLMSTED,3263145.72,2674028.70,3276350.39,3276350.39,93675,94789,113802,80653.0
5812,FL,DUNDEE,1266245.41,1120980.18,912836.67,912836.67,42680,41116,35440,
5812,OH,MINSTER,555910.91,482139.58,474519.35,474519.35,16563,15314,16287,16288.0
5812,OH,CINCINNATI,771750293.42,572724043.67,525599275.21,525599275.21,29798327,24647852,22710735,17548053.0
5812,OH,MAPLE HEIGHTS,271391.02,203189.45,234577.41,234577.41,11969,9668,12914,9147.0
5812,OH,CENTERBURG,58626.15,36720.60,,,1943,1215,,
5812,FL,WESLEY CHAPEL,10140497.21,7789227.67,8302203.12,8302203.12,370671,267898,303363,295478.0
5812,FL,ELLENTON,6484041.93,4503631.92,3678949.01,3678949.01,198308,148920,119420,112051.0
5812,FL,MACCLENNY,2920595.90,2864596.94,2663955.05,2663955.05,103981,105483,100131,80472.0
5812,FL,COCOA BEACH,4158748.09,2643082.35,3467672.10,3467672.10,85744,62433,91222,67185.0
5812,FL,EDGEWATER,4442129.95,3551784.42,3348854.91,3348854.91,191901,167087,174227,174221.0
5812,OH,XENIA,717897.22,632474.55,329317.67,329317.67,48084,31832,16820,13600.0
5812,FL,MARATHON,4057803.79,2449963.81,2298363.73,2298363.73,83123,56879,55299,47592.0
5812,FL,ORLANDO,674555673.99,446393899.02,556421565.86,556421565.86,17591854,13533246,16955657,9741945.0
5812,OH,PENINSULA,102391.15,,,,2674,,,
5812,FL,PARRISH,3025364.20,2957229.41,2200502.59,2200502.59,93379,97298,79259,25484.0
5812,FL,HOMOSASSA,8459324.56,5513862.71,2019507.07,2019507.07,193788,107002,43943,43692.0
5812,OH,HEBRON,154987.88,613929.38,909036.04,909036.04,6819,28412,41925,37299.0
5812,FL,DUNNELLON,2771279.26,2350730.30,888304.70,888304.70,63692,57671,25503,
5812,FL,WAUCHULA,713071.75,981362.23,1000097.73,1000097.73,26053,39645,40768,29107.0
5812,FL,SEBRING,8771838.38,9154559.03,8881737.66,8881737.66,230505,228300,239605,129561.0
5812,FL,LARGO,17115197.95,13113249.11,13793044.18,13793044.18,602501,478039,508749,489491.0
5812,FL,LONGBOAT KEY,1131999.83,908797.67,1104477.69,1104477.69,22715,22781,30263,28165.0
5812,OH,WESTLAKE,8235019.69,4388606.70,3568995.45,3568995.45,162205,119084,116929,64694.0
5812,OH,SOUTH LEBANON,259199.99,244230.39,168121.57,168121.57,8548,8393,6373,5554.0
5812,FL,BELL,595681.65,2366128.63,1291508.60,1291508.60,22502,78814,46369,
5812,OH,NILES,2534271.53,1894318.59,1885333.04,1885333.04,75504,59068,61981,62702.0
5812,OH,MANSFIELD,8908579.13,5749303.35,3644389.97,3644389.97,298154,203581,136162,69967.0
5812,FL,ROTONDA WEST,6515443.29,5514747.25,4687031.76,4687031.76,123053,116624,96502,
5812,OH,TARLTON,314892.37,182172.18,216501.39,216501.39,12962,8206,9942,1496.0
5812,OH,LAKEWOOD,9729575.91,4721572.90,3335497.40,3335497.40,237216,150506,130177,77518.0
5812,OH,LAKE MILTON,1051073.91,790228.90,506648.94,506648.94,34580,27938,19831,15577.0
5812,FL,ZEPHYRHILLS,5228428.49,3831579.94,4600256.42,4600256.42,198923,154612,169966,158449.0
5812,OH,JOHNSTOWN,450817.47,106446.36,,,16189,3596,,
5812,OH,BOWLING GREEN,6820860.86,5838983.24,6125201.20,6125201.20,290426,250783,298169,228897.0
5812,OH,WHEELERSBURG,1926203.18,2228003.78,2162684.33,2162684.33,66823,80860,75096,57694.0
5812,FL,PERRY,598415.63,443777.82,711192.28,711192.28,26554,21360,36525,37126.0
5812,FL,MIDDLEBURG,631936.90,529322.31,506148.71,506148.71,17564,15157,16153,14239.0
5812,OH,CHARM,164920.18,150478.94,90245.25,90245.25,12560,9746,6725,
5812,OH,NEW ALBANY,510200344.99,406028681.20,542283403.25,542283403.25,17007097,14605123,20439903,20748609.0
5812,OH,BELPRE,1846357.46,1257730.33,,,78760,53734,,
5812,OH,ONTARIO,3845355.81,2423222.98,2822862.36,2822862.36,96038,49533,59210,55386.0
5812,OH,TIFFIN,4173905.70,3483240.76,3490814.26,3490814.26,129222,117915,122940,77974.0
5812,FL,WINTER PARK,93032719.61,42271653.60,86341534.27,86341534.27,2798716,1464976,2959722,2375350.0
5812,FL,CRYSTAL RIVER,7635638.02,4286815.22,3147121.59,3147121.59,179827,97251,85018,62025.0
5812,FL,MIAMI BEACH,82165069.08,44162046.24,48041110.89,48041110.89,1083202,635935,805542,705994.0
5812,FL,DAVENPORT,8856941.38,4975695.70,3878267.61,3878267.61,320940,177688,128523,83879.0
5812,OH,GALLIPOLIS,4965163.98,3565775.87,4210545.53,4210545.53,179236,130197,157461,138743.0
5812,OH,ORWELL,650572.23,686069.16,627724.44,627724.44,18061,16525,11547,10936.0
5812,FL,JACKSONVILLE,100910430.36,73225684.03,75109447.63,75109447.63,3134323,2593509,2795445,1782995.0
5812,OH,LIMA,12052923.30,11339316.43,14360130.52,14360130.52,428521,394989,523059,459945.0
5812,FL,LADY LAKE,7241048.91,5079907.10,5174984.13,5174984.13,243774,165932,173539,154060.0
5812,FL,DADE CITY,2552099.82,2538016.12,2164233.41,2164233.41,86840,97254,88986,81889.0
5812,OH,KENT,12930825.53,11858236.69,8167542.48,8167542.48,482153,480880,379011,314312.0
5812,FL,MARY ESTHER,3004500.80,1303013.05,635477.33,635477.33,101498,57964,43987,45656.0
5812,OH,WILMINGTON,2883461.84,2004066.53,1872090.36,1872090.36,115917,81239,82295,74282.0
5812,FL,LUTZ,12663490.12,11280228.02,10034367.04,10034367.04,419063,386283,336646,153658.0
5812,OH,MINFORD,1477632.75,1834937.54,1110190.64,1110190.64,82368,102432,74270,88218.0
5812,FL,WILLISTON,3020924.73,1927096.45,1690478.70,1690478.70,96706,65159,56242,53826.0
5812,FL,LITHIA,480035.16,481223.16,550102.26,550102.26,16981,17727,21086,17996.0
5812,OH,SHREVE,494409.89,465581.23,322356.33,322356.33,19013,18425,13981,13001.0
5812,FL,VALPARAISO,502311.75,,,,15067,,,
5812,OH,SIDNEY,1103258.08,895205.55,1194095.98,1194095.98,37453,33843,44029,35334.0
5812,FL,IMMOKALEE,1241540.35,1719157.01,,,46499,60156,,
5812,OH,EATON,1537307.03,1200068.87,1266815.25,1266815.25,43905,36658,40717,36845.0
5812,OH,MILLERSPORT,41263.20,30729.27,67223.51,67223.51,1887,1531,3392,
5812,OH,STOW,5446363.23,4442207.89,4954588.41,4954588.41,176598,158050,175806,89436.0
5812,OH,BROOKVILLE,672595.79,471059.75,434398.90,434398.90,28858,18118,15960,14032.0
5812,OH,DELPHOS,728162.88,1046024.46,990465.91,990465.91,27748,45475,46545,41075.0
5812,OH,CONNEAUT,688887.78,226069.84,,,23626,7630,,
5812,FL,LAMONT,21496.30,,,,485,,,
5812,FL,BELLEVIEW,827557.38,1015763.50,1091023.83,1091023.83,30214,38547,44499,41345.0
5812,OH,SUGARCREEK,576171.43,402059.35,448502.02,448502.02,17133,12802,13506,12929.0
5812,OH,MARIETTA,8123271.82,5910011.89,6602106.39,6602106.39,258317,216368,261686,252411.0
5812,FL,VERO BEACH,22358725.93,19915284.81,22200795.63,22200795.63,654441,637829,730898,507235.0
5812,OH,ENGLEWOOD,1666623.53,1325558.02,1394791.76,1394791.76,96293,83240,89563,66686.0
5812,FL,SAINT JOHNS,8451925.08,5930553.12,4092452.22,4092452.22,206901,202731,151227,63814.0
5812,OH,LODI,193208.29,92465.75,,,6126,3185,,
5812,FL,SAN ANTONIO,942173.10,862414.50,660992.51,660992.51,32814,31168,26271,
5812,OH,MIAMISBURG,10007806.73,7904120.65,9591460.93,9591460.93,258599,226998,291971,140611.0
5812,OH,BELLEVUE,1644175.53,1276492.10,862130.41,862130.41,55651,46370,35170,28380.0
5812,FL,NAPLES,94743219.83,60664098.64,56928324.30,56928324.30,1821777,1303689,1238722,960492.0
5812,FL,BUSHNELL,1442701.63,1286045.40,1009729.82,1009729.82,48552,47321,40167,36360.0
5812,FL,WINDERMERE,4852434.09,2326413.87,1205957.63,1205957.63,160413,93919,50389,26366.0
5812,OH,RANDOLPH,68288.73,244511.29,204930.14,204930.14,3045,10188,9244,8746.0
5812,OH,DAYTON,47794932.59,43882751.35,37578887.68,37578887.68,1896866,3408320,1658109,1200365.0
5812,OH,HUBBARD,2348205.07,2023181.28,2208610.11,2208610.11,93635,88623,97531,79626.0
5812,OH,SHELBY,322839.21,362612.27,207178.17,207178.17,10881,12221,7699,4667.0
5812,OH,ANSONIA,491016.08,475035.83,346666.21,346666.21,17454,17823,14163,15454.0
5812,OH,OKEANA,180509.60,149410.11,216920.13,216920.13,7712,6823,9607,2677.0
5812,FL,HUDSON,5594543.98,4597922.62,4041445.07,4041445.07,186899,162203,146705,106018.0
5812,OH,NEWTON FALLS,913654.08,322696.70,409273.20,409273.20,17923,8119,9466,2544.0
5812,FL,LIVE OAK,5322913.09,3940564.50,4259139.93,4259139.93,159346,132584,154958,112050.0
5812,OH,WADSWORTH,600613.71,356600.14,,,17493,11270,,
5812,OH,HICKSVILLE,874236.15,840628.60,814268.48,814268.48,39668,41125,44179,35144.0
5812,OH,OTWAY,201088.23,,,,10298,,,
5812,OH,KENTON,381618.14,405818.40,,,9693,9833,,
5812,OH,CHARDON,1415042.63,3430804.60,2418864.75,2418864.75,47160,88469,71903,56164.0
5812,OH,GNADENHUTTEN,5117.61,55038.44,32461.90,32461.90,152,2238,1323,
5812,OH,JAMESTOWN,990162.35,798339.24,685003.70,685003.70,33031,28653,25759,25192.0
5812,OH,CANFIELD,4561851.49,2812635.10,2139734.88,2139734.88,149872,96344,76004,65130.0
5812,OH,ORRVILLE,1032882.16,978481.55,932273.81,932273.81,39478,40856,40292,26884.0
5812,OH,OTTAWA,620369.51,550616.93,377682.43,377682.43,23402,21476,15256,10318.0
5812,OH,MENTOR,6446750.59,6018459.72,5395828.87,5395828.87,205768,207962,185470,144435.0
5812,OH,CLEVELAND,84015222.55,71969509.96,90262798.40,90262798.40,2775885,2656793,3202674,2035052.0
5812,OH,CADIZ,522330.08,979772.67,393079.37,393079.37,19219,19586,16111,13646.0
5812,FL,PALM CITY,6454108.66,5536559.36,5663674.44,5663674.44,164082,151551,152357,124221.0
5812,OH,CAMDEN,274236.83,208970.97,,,12306,9514,,
5812,OH,LORAIN,2479593.41,1626593.58,975857.96,975857.96,63442,41888,35713,6915.0
5812,OH,NEW LONDON,73643.02,15828.43,,,6062,1314,,
5812,OH,CARROLL,294740.74,905487.05,1012598.59,1012598.59,8612,27857,31800,27886.0
5812,FL,HERNANDO,2049811.23,1750124.94,688243.84,688243.84,70836,65813,22601,
5812,OH,DELTA,472099.62,338662.99,409861.45,409861.45,19951,15102,18928,16763.0
5812,FL,STARKE,1077799.13,852545.89,,,34275,29344,,
5812,OH,BELLAIRE,136197.64,62988.11,67001.68,67001.68,4674,2401,2697,2685.0
5812,OH,NASHPORT,2729511.64,1073539.01,947055.08,947055.08,101151,47292,45175,31776.0
5812,OH,VAN WERT,451847.63,862226.85,1054501.81,1054501.81,19371,45764,58349,48860.0
5812,FL,PALM COAST,4889178.70,4802601.16,5977668.37,5977668.37,117293,106766,154543,128738.0
5812,OH,AUSTINBURG,208780.58,175104.00,278875.80,278875.80,7389,7067,12079,
5812,OH,INDEPENDENCE,3181234.45,2300079.08,3091812.69,3091812.69,94909,73752,109147,90451.0
5812,OH,PLEASANTVILLE,79640.23,177341.77,244614.22,244614.22,2317,5803,7841,7287.0
5812,OH,ZANESVILLE,6878712.42,3541553.44,2905783.37,2905783.37,213163,112993,86561,80064.0
5812,OH,SUNBURY,4761371.06,3873792.99,3852894.37,3852894.37,136913,115482,125631,58594.0
5812,OH,OBERLIN,1990020.12,1716851.37,1648326.05,1648326.05,57240,53172,55421,31965.0
5812,OH,BELLVILLE,966822.07,551008.25,427743.86,427743.86,18927,12157,10452,6652.0
5812,OH,PIKETON,482006.38,344442.80,,,19530,14320,,
5812,FL,PIERSON,55262.50,39170.57,52235.35,52235.35,2298,1976,2307,
5812,OH,SEBRING,540040.27,355934.73,,,18813,13655,,
5812,OH,GRAND RIVER,3314240.94,2661714.29,3174998.10,3174998.10,51045,39185,49593,31229.0
5812,FL,LEE,685131.18,,,,57332,,,
5812,OH,CARDINGTON,81609.28,96361.22,,,3344,4594,,
5812,OH,MARTIN,33550.59,344536.11,51373.42,51373.42,1114,13748,1932,
5812,OH,SHADYSIDE,712948.96,711527.92,336705.77,336705.77,27927,32876,14957,
5812,FL,FORT PIERCE,27509313.43,21664262.14,22164478.15,22164478.15,744512,610050,631505,482880.0
5812,FL,BOCA RATON,66902945.05,34846058.20,41691396.53,41691396.53,1638872,1004383,1234743,643605.0
5812,FL,LAKELAND,41857784.11,32973766.26,29727924.70,29727924.70,1476860,1269134,1174743,774468.0
5812,FL,INVERNESS,3538740.97,2711220.29,1874987.16,1874987.16,104901,86129,61876,50951.0
5812,FL,THE VILLAGES,13074041.10,8238577.35,9979375.15,9979375.15,346694,244675,313186,246894.0
5812,FL,TITUSVILLE,10271298.28,10283967.96,11367798.75,11367798.75,313075,290120,286971,223468.0
5812,OH,PATASKALA,2246313.21,2232830.10,2219187.14,2219187.14,76876,83483,91025,25614.0
5812,FL,PALM HARBOR,12681082.16,12066494.46,12034009.93,12034009.93,439424,459184,487091,357788.0
5812,OH,IRONTON,3483929.92,2792426.61,2353883.74,2353883.74,145501,123908,109166,96261.0
5812,FL,BARTOW,929509.65,958438.30,1046721.99,1046721.99,36326,41640,48119,36746.0
5812,OH,CHESAPEAKE,994990.35,518470.31,391349.54,391349.54,41271,21295,17536,17594.0
5812,FL,EUSTIS,6587705.62,5229498.44,6248942.74,6248942.74,199400,176212,243634,214901.0
5812,OH,CEDARVILLE,423888.90,470348.24,536880.05,536880.05,17861,20641,23910,25195.0
5812,FL,TAVARES,4625262.24,3328753.42,3407081.43,3407081.43,141672,116394,128064,95586.0
5812,OH,ENON,41755.68,,,,1324,,,
5812,OH,STRONGSVILLE,9464089.92,7184463.51,6168344.54,6168344.54,265546,231987,181462,102732.0
5812,FL,DELAND,12487968.22,8431886.65,9539250.18,9539250.18,405030,306315,365183,198983.0
5812,OH,TWINSBURG,4937768.92,3791165.40,2524656.58,2524656.58,132139,112466,84052,34183.0
5812,OH,ORIENT,617915.56,585097.63,,,20229,20100,,
5812,OH,SAINT MARYS,442203.77,410114.26,469519.33,469519.33,15443,15233,16700,16696.0
5812,OH,OAK HARBOR,243488.89,176897.16,184790.01,184790.01,7858,6302,6932,5307.0
5812,OH,FOSTORIA,846823.12,894206.80,990112.86,990112.86,34416,37857,45706,42479.0
5812,OH,HILLSBORO,4113771.55,3783509.77,3074011.45,3074011.45,161021,156597,128798,74597.0
5812,FL,BOYNTON BEACH,28713858.64,25507110.37,29564505.19,29564505.19,688320,614740,747694,465724.0
5812,FL,BOCA GRANDE,3949743.08,3038327.93,3912655.20,3912655.20,41537,36850,45268,7197.0
5812,OH,EAST SPARTA,237734.12,10744.26,,,9050,439,,
5812,OH,TERRACE PARK,44603.51,,,,300,,,
5812,FL,PLANT CITY,8907902.91,7422190.87,4899424.92,4899424.92,302838,286946,193346,123524.0
5812,FL,OCALA,43003401.92,28577962.72,23269037.37,23269037.37,1375888,936583,719719,635240.0
5812,OH,BEACHWOOD,4487552.41,4353381.93,3725102.68,3725102.68,140656,149092,131275,128333.0
5812,FL,AUBURNDALE,6178903.56,5963439.12,3883261.45,3883261.45,227970,236494,168242,104366.0
5812,OH,EUCLID,1578554.16,1596199.65,1467123.38,1467123.38,57538,64021,59834,6664.0
5812,OH,LOCKBOURNE,451766.31,297153.79,335317.78,335317.78,17717,13526,16606,15573.0
5812,OH,CANAL FULTON,2612807.57,2037178.66,1375599.93,1375599.93,74890,64252,42742,41734.0
5812,OH,ASHTABULA,2719914.87,2403430.49,2483493.17,2483493.17,79562,75823,79630,52660.0
5812,OH,LAKEVIEW,242707.82,118382.54,117114.75,117114.75,8056,4087,4196,2649.0
5812,OH,HARTVILLE,7312401.84,6141811.04,6259223.61,6259223.61,204954,196047,204998,183082.0
5812,FL,GULF BREEZE,6806136.60,5114353.66,4162619.00,4162619.00,159559,130556,114373,
5812,FL,MARIANNA,2758861.24,2225099.29,2030910.40,2030910.40,99468,88970,84764,57935.0
5812,FL,HOLLYWOOD,41923326.63,26033331.52,32824596.71,32824596.71,1018359,708382,815666,586250.0
5812,FL,CARRABELLE,1035145.83,506048.83,,,29150,16621,,
5812,FL,BRANDON,31344875.09,23596784.78,22317358.49,22317358.49,1046239,865973,806499,508987.0
5812,OH,BEDFORD,20455751.96,25464990.66,38361950.31,38361950.31,548147,703616,1176183,1155325.0
5812,OH,WILLARD,1108416.17,735375.50,629744.33,629744.33,41800,29347,27611,24751.0
5812,OH,MILLERSBURG,1453138.61,1392851.64,1098736.09,1098736.09,75541,89191,64028,18262.0
5812,OH,VANDALIA,2061375.92,1819723.98,2777380.91,2777380.91,65922,64126,103019,62554.0
5812,FL,TALLAHASSEE,42792846.79,29974284.34,30763478.71,30763478.71,1541692,1098442,1139758,795604.0
5812,OH,CORTLAND,1365715.97,492845.45,454194.80,454194.80,56966,20438,19502,20167.0
5812,OH,CHESTERLAND,419190.73,415416.57,251750.60,251750.60,17395,17606,13151,13168.0
5812,OH,WATERVILLE,503950.30,391859.98,320423.20,320423.20,12647,11348,10752,8773.0
5812,FL,APOLLO BEACH,1344809.94,1127922.39,1145632.75,1145632.75,40689,40793,41165,33807.0
5812,FL,SEFFNER,2801311.09,2411644.49,1900821.45,1900821.45,100849,93396,83113,79166.0
5812,OH,COLDWATER,89868.68,76308.95,71798.97,71798.97,3309,2747,2658,2496.0
5812,OH,MOUNT GILEAD,416017.28,400391.41,215471.61,215471.61,13193,13175,8123,
5812,OH,HILLIARD,11683702.81,9658105.23,7515687.92,7515687.92,345978,313177,257965,191043.0
5812,OH,BELMONT,551990.74,457463.18,248267.23,248267.23,19402,19468,10024,
5812,OH,GROVEPORT,2937544.95,2720428.27,2453000.83,2453000.83,92610,87292,81976,76020.0
5812,OH,LOGAN,4771339.85,2831749.19,1848834.10,1848834.10,142057,98255,70645,18811.0
5812,OH,CAMPBELL,216526.93,137502.44,,,9828,6195,,
5812,OH,WELLINGTON,456618.76,365306.02,145270.93,145270.93,18185,15554,6037,
5812,OH,BARBERTON,2920245.04,3567047.43,2513534.36,2513534.36,100877,122439,84649,54456.0
5812,OH,SALEM,2614152.36,1670304.72,921846.65,921846.65,80792,57600,34645,11217.0
5812,OH,PIQUA,595178.61,518244.21,578431.78,578431.78,18745,19231,22200,19766.0
5812,OH,PEEBLES,73722.88,93244.41,73910.49,73910.49,3283,5533,4771,2789.0
5812,OH,BRECKSVILLE,1248909.26,1550341.18,1051208.30,1051208.30,34289,36748,37296,34896.0
5812,OH,RAVENNA,565575.23,432853.83,483465.68,483465.68,23818,20637,23588,21095.0
5812,OH,BRICE,400673.59,,,,15831,,,
5812,FL,DAYTONA BEACH,28804954.92,17353264.77,18105204.47,18105204.47,912546,632772,673631,495501.0
5812,OH,OAK HILL,480786.97,362347.75,277654.59,277654.59,19314,14920,12043,10368.0
5812,OH,AVON LAKE,5004863.55,4211806.15,3416320.82,3416320.82,146908,131748,95985,62622.0
5812,FL,NICEVILLE,12386958.52,9013945.00,3917064.53,3917064.53,393746,311841,141631,80046.0
5812,FL,NORTH FORT MYERS,,,,,,,,
5812,OH,COLUMBIA STATION,,,,,,,,
5812,FL,NORTH PALM BEACH,,,,,,,,
5812,FL,PONTE VEDRA BEACH,,,,,,,,
5812,FL,BRADENTON BEACH,,,,,,,,
5812,OH,TEMPERANCE,,,,,,,,
5812,FL,SAINT AUGUSTINE,,,,,,,,
5812,FL,HOWEY IN THE HILLS,,,,,,,,
5812,FL,PANAMA CITY BEACH,,,,,,,,
5812,OH,KELLEYS ISLAND,,,,,,,,
5812,OH,PLEASANT PLAIN,,,,,,,,
5812,FL,FERNANDINA BEACH,,,,,,,,
5812,FL,FLEMING ISLAND,,,,,,,,
5812,OH,CANAL WINCHESTER,,,,,,,,
5812,FL,ALTAMONTE SPRINGS,,,,,,,,
5812,OH,NORTH ROYALTON,,,,,,,,
5812,OH,LAKESIDE MARBLEHEAD,,,,,,,,
5812,FL,WINTER SPRINGS,,,,,,,,
5812,FL,BONIFAY,649595.92,546100.69,437047.40,437047.40,25594,24901,22299,19286.0
5812,OH,JEFFERSON,149835.76,125605.45,,,7798,6566,,
5812,FL,SATELLITE BEACH,,,,,,,,
5812,FL,SUMMERFIELD,585251.32,421457.80,453781.49,453781.49,18315,13848,14896,
5812,OH,NEW CARLISLE,152179.87,499381.77,621669.04,621669.04,6305,23086,31068,31194.0
5812,OH,ROCKY RIVER,2693599.14,2560867.48,2869539.52,2869539.52,86841,76607,89206,60386.0
5812,FL,LAKE WALES,4103307.50,5087379.62,5664521.68,5664521.68,154347,181000,201120,100276.0
5812,FL,JUPITER,28853929.16,19135739.23,23110202.92,23110202.92,648401,476248,506113,276998.0
5812,OH,LUCASVILLE,2774416.73,2283925.66,292200.08,292200.08,108833,94191,11649,
5812,OH,AMELIA,4808855.04,3798564.90,3462225.68,3462225.68,223291,188628,148934,150595.0
5812,FL,MARCO ISLAND,19699945.92,10147116.89,9957007.39,9957007.39,331642,177324,168625,133466.0
5812,OH,WHITEHOUSE,185974.11,128158.16,148956.22,148956.22,5765,4010,5119,4657.0
5812,FL,WALDO,645835.37,216286.02,158506.90,158506.90,7878,7003,7647,6840.0
5812,OH,MADISON,2051631.58,1233458.58,737376.25,737376.25,53406,34565,21462,10890.0
5812,FL,LABELLE,1430739.91,1274698.31,1179965.07,1179965.07,46133,42418,43666,43136.0
5812,FL,LAKE MARY,5531220.24,3156414.20,3443124.17,3443124.17,200781,134326,154886,128696.0
5812,OH,LEIPSIC,222040.13,233507.14,184510.71,184510.71,9387,10373,8567,6688.0
5812,FL,CHATTAHOOCHEE,365848.91,279350.31,323523.60,323523.60,17298,14337,15495,14032.0
5812,FL,BELLE GLADE,978731.40,442161.06,437418.34,437418.34,48889,23598,25593,27828.0
5812,FL,CAIRO,,,,,,,,
5812,FL,DANIA,2092562.62,856556.21,339388.97,339388.97,69094,37455,11146,
5812,FL,GREENSBORO,24.07,,,,18,,,
5812,OH,APPLE CREEK,1558112.76,1481494.48,1080353.52,1080353.52,52980,52440,42577,18183.0
5812,OH,LITHOPOLIS,14152.68,41981.53,,,409,766,,
5812,OH,FAIRBORN,778500.95,1242567.18,970200.15,970200.15,43236,47930,36410,25105.0
5812,OH,LORE CITY,311632.28,304462.10,405287.19,405287.19,10938,10738,16387,15744.0
5812,OH,GREENFIELD,1056525.72,1023951.98,770082.84,770082.84,45335,45240,35482,30124.0
5812,FL,NOBLETON,66394.81,140545.11,256800.86,256800.86,2244,5347,10386,10051.0
5812,OH,MAINEVILLE,10373806.62,9631776.44,7250351.87,7250351.87,416798,412185,326840,235779.0
5812,FL,SANIBEL,3072837.57,1893549.45,2448501.56,2448501.56,55901,37590,50112,50387.0
5812,FL,CALLAHAN,668851.44,,,,20207,,,
5812,FL,SANFORD,13908017.00,10040523.85,8092453.32,8092453.32,590782,450121,390027,302838.0
5812,OH,OXFORD,5156478.81,3587466.01,4557941.25,4557941.25,253536,182095,237543,211986.0
5812,FL,CLEARWATER,25259291.07,18642126.46,19061934.79,19061934.79,788718,618458,642585,519228.0
5812,OH,NEW LEXINGTON,802928.94,759536.91,665727.26,665727.26,28849,28213,24900,
5812,FL,TARPON SPRINGS,,,,,,,,
5812,FL,NEW SMYRNA BEACH,,,,,,,,
5812,FL,SANTA ROSA BEACH,,,,,,,,
5812,OH,EAST LIVERPOOL,,,,,,,,
5812,OH,WEST JEFFERSON,,,,,,,,
5812,OH,BRENTWOOD,,,,,,,,
5812,FL,DEFUNIAK SPRINGS,,,,,,,,
5812,OH,TUPPERS PLAINS,,,,,,,,
5812,FL,BONITA SPRINGS,,,,,,,,
5812,OH,FRANKLIN FURNACE,,,,,,,,
5812,FL,PALM BEACH GARDENS,,,,,,,,
5812,OH,BROADVIEW HEIGHTS,,,,,,,,
5812,FL,JACKSONVILLE BEACH,,,,,,,,
5812,OH,WASHINGTON COURT HOUSE,,,,,,,,
